Batch Number,Plant Date,Class,Fresh_weight,Head_weight,Radia_Diameter,Polar_diameter,diameter_ratio,no_of_days,Density,Leaf_area,Square_ID,Check_Date,Day_to_check,Humidity,Temperature
402,4/11/2020,4,696,282,122,95,1.284210526,35,0.380896708,480,529,6/4/2020,5/16/2020,64.24,14.75
402,4/11/2020,4,604,267,115,100,1.15,35,0.385582183,462,529,6/4/2020,5/16/2020,64.24,14.75
402,4/11/2020,4,689,320,128,108,1.185185185,35,0.345388331,485,529,6/4/2020,5/16/2020,64.24,14.75
402,4/11/2020,3,596,289,120,100,1.2,35,0.383298155,453,529,6/4/2020,5/16/2020,64.24,14.75
402,4/11/2020,5,636,294,124,96,1.291666667,35,0.380394391,431,529,6/4/2020,5/16/2020,64.24,14.75
402,4/11/2020,5,722,399,128,110,1.163636364,35,0.422825965,616,529,6/4/2020,5/16/2020,64.24,14.75
402,4/11/2020,2,815,400,122,122,1,35,0.420709072,634,529,6/4/2020,5/16/2020,64.24,14.75
402,4/11/2020,5,688,372,128,100,1.28,35,0.43363505,604,529,6/4/2020,5/16/2020,64.24,14.75
402,4/11/2020,3,699,319,128,105,1.219047619,35,0.354146393,592,529,6/4/2020,5/16/2020,64.24,14.75
402,4/11/2020,4,820,415,132,105,1.257142857,35,0.433223805,658,529,6/4/2020,5/16/2020,64.24,14.75
402,4/11/2020,5,946,475,138,108,1.277777778,35,0.441075626,742,529,6/4/2020,5/16/2020,64.24,14.75
402,4/11/2020,2,950,450,138,120,1.15,35,0.376075007,750,529,6/4/2020,5/16/2020,64.24,14.75
402,4/11/2020,2,884,437,135,100,1.35,35,0.457947063,720,529,6/4/2020,5/16/2020,64.24,14.75
402,4/11/2020,1,767,392,125,110,1.136363636,35,0.435586823,675,529,6/4/2020,5/16/2020,64.24,14.75
402,4/11/2020,4,868,446,128,108,1.185185185,35,0.481384987,721,529,6/4/2020,5/16/2020,64.24,14.75
402,4/11/2020,3,960,509,145,120,1.208333333,35,0.385302573,823,529,6/4/2020,5/16/2020,64.24,14.75
402,4/11/2020,5,1138,597,140,115,1.217391304,35,0.50585005,811,529,6/4/2020,5/16/2020,64.24,14.75
402,4/11/2020,2,992,534,141,110,1.281818182,35,0.466349724,799,529,6/4/2020,5/16/2020,64.24,14.75
402,4/11/2020,1,938,488,136,124,1.096774194,35,0.406370055,818,529,6/4/2020,5/16/2020,64.24,14.75
402,4/11/2020,5,926,544,130,115,1.130434783,35,0.534583724,809,529,6/4/2020,5/16/2020,64.24,14.75
402,4/11/2020,5,1280,665,165,115,1.434782609,35,0.40565543,966,529,6/4/2020,5/16/2020,64.24,14.75
402,4/11/2020,3,985,630,144,106,1.358490566,35,0.547407921,914,529,6/4/2020,5/16/2020,64.24,14.75
402,4/11/2020,3,977,585,145,106,1.367924528,35,0.501320396,914,529,6/4/2020,5/16/2020,64.24,14.75
402,4/11/2020,5,979,546,135,104,1.298076923,35,0.550165235,986,529,6/4/2020,5/16/2020,64.24,14.75
402,4/11/2020,5,1210,638,150,114,1.315789474,35,0.47504493,977,529,6/4/2020,5/16/2020,64.24,14.75
408,4/15/2020,5,330,79,85,81,1.049382716,31,0.257813467,415,1471,6/4/2020,5/16/2020,66.29,8.82
408,4/15/2020,4,424,60,75,70,1.071428571,31,0.291026182,343,1471,6/4/2020,5/16/2020,66.29,8.82
408,4/15/2020,1,359,115,91,87,1.045977011,31,0.304857708,347,1471,6/4/2020,5/16/2020,66.29,8.82
408,4/15/2020,1,245,44,71,70,1.014285714,31,0.238143821,375,1471,6/4/2020,5/16/2020,66.29,8.82
408,4/15/2020,2,293,49,70,65,1.076923077,31,0.29382451,394,1471,6/4/2020,5/16/2020,66.29,8.82
408,4/15/2020,4,591,186,105,88,1.193181818,31,0.366144953,528,1471,6/4/2020,5/16/2020,66.29,8.82
408,4/15/2020,5,510,135,98,94,1.042553191,31,0.285597986,442,1471,6/4/2020,5/16/2020,66.29,8.82
408,4/15/2020,3,551,234,111,87,1.275862069,31,0.416919324,477,1471,6/4/2020,5/16/2020,66.29,8.82
408,4/15/2020,3,495,177,110,85,1.294117647,31,0.328677782,485,1471,6/4/2020,5/16/2020,66.29,8.82
408,4/15/2020,4,523,237,116,91,1.274725275,31,0.369651398,451,1471,6/4/2020,5/16/2020,66.29,8.82
408,4/15/2020,2,607,248,115,91,1.263736264,31,0.393564561,540,1471,6/4/2020,5/16/2020,66.29,8.82
408,4/15/2020,4,567,288,122,86,1.418604651,31,0.429710289,588,1471,6/4/2020,5/16/2020,66.29,8.82
408,4/15/2020,1,631,158,105,96,1.09375,31,0.285107494,548,1471,6/4/2020,5/16/2020,66.29,8.82
408,4/15/2020,4,592,177,107,90,1.188888889,31,0.328068535,560,1471,6/4/2020,5/16/2020,66.29,8.82
408,4/15/2020,5,596,183,120,100,1.2,31,0.242711288,599,1471,6/4/2020,5/16/2020,66.29,8.82
408,4/15/2020,5,649,232,112,91,1.230769231,31,0.388161024,627,1471,6/4/2020,5/16/2020,66.29,8.82
408,4/15/2020,4,748,341,128,98,1.306122449,31,0.405611016,691,1471,6/4/2020,5/16/2020,66.29,8.82
408,4/15/2020,1,668,274,120,95,1.263157895,31,0.382530302,650,1471,6/4/2020,5/16/2020,66.29,8.82
408,4/15/2020,4,642,231,110,96,1.145833333,31,0.379801569,672,1471,6/4/2020,5/16/2020,66.29,8.82
408,4/15/2020,1,647,242,116,91,1.274725275,31,0.377449951,613,1471,6/4/2020,5/16/2020,66.29,8.82
408,4/15/2020,1,720,268,120,100,1.2,31,0.35544604,733,1471,6/4/2020,5/16/2020,66.29,8.82
408,4/15/2020,2,645,250,116,92,1.260869565,31,0.385689291,709,1471,6/4/2020,5/16/2020,66.29,8.82
408,4/15/2020,5,737,360,125,105,1.19047619,31,0.419077702,709,1471,6/4/2020,5/16/2020,66.29,8.82
408,4/15/2020,3,727,332,125,92,1.358695652,31,0.441094465,712,1471,6/4/2020,5/16/2020,66.29,8.82
408,4/15/2020,3,678,305,120,105,1.142857143,31,0.385256013,709,1471,6/4/2020,5/16/2020,66.29,8.82
409,4/16/2020,4,234,90,80,75,1.066666667,30,0.358098622,347,1732,6/4/2020,5/16/2020,67.34,10.91
409,4/16/2020,4,432,157,100,85,1.176470588,30,0.35276225,326,1732,6/4/2020,5/16/2020,67.34,10.91
409,4/16/2020,4,512,123,90,90,1,30,0.322239638,400,1732,6/4/2020,5/16/2020,67.34,10.91
409,4/16/2020,1,565,249,125,95,1.315789474,30,0.320373874,529,1732,6/4/2020,5/16/2020,67.34,10.91
409,4/16/2020,5,631,215,115,90,1.277777778,30,0.34498614,526,1732,6/4/2020,5/16/2020,67.34,10.91
409,4/16/2020,2,657,137,110,95,1.157894737,30,0.227621337,509,1732,6/4/2020,5/16/2020,67.34,10.91
409,4/16/2020,3,700,225,110,100,1.1,30,0.355139129,528,1732,6/4/2020,5/16/2020,67.34,10.91
409,4/16/2020,3,689,156,110,100,1.1,30,0.246229796,519,1732,6/4/2020,5/16/2020,67.34,10.91
409,4/16/2020,3,689,218,120,90,1.333333333,30,0.3212572,602,1732,6/4/2020,5/16/2020,67.34,10.91
409,4/16/2020,1,699,250,125,120,1.041666667,30,0.254647909,598,1732,6/4/2020,5/16/2020,67.34,10.91
409,4/16/2020,1,605,280,120,100,1.2,30,0.371361534,592,1732,6/4/2020,5/16/2020,67.34,10.91
409,4/16/2020,5,697,291,125,95,1.315789474,30,0.374412841,628,1732,6/4/2020,5/16/2020,67.34,10.91
409,4/16/2020,5,679,206,110,100,1.1,30,0.325149603,568,1732,6/4/2020,5/16/2020,67.34,10.91
409,4/16/2020,5,819,169,130,110,1.181818182,30,0.173623574,691,1732,6/4/2020,5/16/2020,67.34,10.91
409,4/16/2020,1,828,204,125,110,1.136363636,30,0.226682939,686,1732,6/4/2020,5/16/2020,67.34,10.91
409,4/16/2020,5,854,248,140,110,1.272727273,30,0.219686972,648,1732,6/4/2020,5/16/2020,67.34,10.91
409,4/16/2020,4,745,204,110,110,1,30,0.292720737,647,1732,6/4/2020,5/16/2020,67.34,10.91
409,4/16/2020,1,747,290,125,100,1.25,30,0.354469889,683,1732,6/4/2020,5/16/2020,67.34,10.91
409,4/16/2020,3,868,297,130,120,1.083333333,30,0.279698332,760,1732,6/4/2020,5/16/2020,67.34,10.91
409,4/16/2020,1,928,352,120,120,1,30,0.389045416,754,1732,6/4/2020,5/16/2020,67.34,10.91
409,4/16/2020,2,799,315,135,110,1.227272727,30,0.300090128,755,1732,6/4/2020,5/16/2020,67.34,10.91
409,4/16/2020,1,903,407,135,120,1.125,30,0.355424208,774,1732,6/4/2020,5/16/2020,67.34,10.91
409,4/16/2020,1,842,296,130,105,1.238095238,30,0.318578956,755,1732,6/4/2020,5/16/2020,67.34,10.91
408,4/15/2020,2,866,372,148,110,1.345454545,31,0.294868379,514,1378,6/8/2020,5/16/2020,66.29,8.82
408,4/15/2020,5,753,185,110,103,1.067961165,31,0.283498334,531,1378,6/8/2020,5/16/2020,66.29,8.82
408,4/15/2020,2,648,172,105,100,1.05,31,0.297955376,454,1378,6/8/2020,5/16/2020,66.29,8.82
408,4/15/2020,5,761,405,145,95,1.526315789,31,0.387254784,583,1378,6/8/2020,5/16/2020,66.29,8.82
408,4/15/2020,1,795,316,135,100,1.35,31,0.331147075,567,1378,6/8/2020,5/16/2020,66.29,8.82
408,4/15/2020,5,629,338,140,100,1.4,31,0.32935329,571,1378,6/8/2020,5/16/2020,66.29,8.82
408,4/15/2020,2,874,396,139,110,1.263636364,31,0.355855988,658,1378,6/8/2020,5/16/2020,66.29,8.82
408,4/15/2020,4,830,369,141,105,1.342857143,31,0.337598275,631,1378,6/8/2020,5/16/2020,66.29,8.82
408,4/15/2020,4,852,410,145,110,1.318181818,31,0.338576292,633,1378,6/8/2020,5/16/2020,66.29,8.82
408,4/15/2020,5,1000,362,150,115,1.304347826,31,0.267195777,763,1378,6/8/2020,5/16/2020,66.29,8.82
408,4/15/2020,3,998,451,155,100,1.55,31,0.358520937,727,1378,6/8/2020,5/16/2020,66.29,8.82
408,4/15/2020,5,1074,461,145,105,1.380952381,31,0.398820065,727,1378,6/8/2020,5/16/2020,66.29,8.82
517,6/5/2020,2,327,28,73,66,1.106060606,17,0.152044163,533,481,7/8/2020,6/22/2020,80.76,10.55
517,6/5/2020,2,359,35,73,78,0.935897436,17,0.160815942,544,481,7/8/2020,6/22/2020,80.76,10.55
517,6/5/2020,2,302,21,60,78,0.769230769,17,0.142831359,549,481,7/8/2020,6/22/2020,80.76,10.55
517,6/5/2020,1,310,25,85,58,1.465517241,17,0.113939823,634,481,7/8/2020,6/22/2020,80.76,10.55
517,6/5/2020,4,342,22,58,75,0.773333333,17,0.166535493,538,481,7/8/2020,6/22/2020,80.76,10.55
517,6/5/2020,1,333,24,55,68,0.808823529,17,0.222832395,452,481,7/8/2020,6/22/2020,80.76,10.55
517,6/5/2020,1,406,29,60,65,0.923076923,17,0.236691967,494,481,7/8/2020,6/22/2020,80.76,10.55
517,6/5/2020,2,260,28,63,56,1.125,17,0.240597042,518,481,7/8/2020,6/22/2020,80.76,10.55
517,6/5/2020,5,258,17,50,47,1.063829787,17,0.276320071,505,481,7/8/2020,6/22/2020,80.76,10.55
517,6/5/2020,5,319,25,64,74,0.864864865,17,0.157525084,488,481,7/8/2020,6/22/2020,80.76,10.55
517,6/5/2020,4,246,16,40,70,0.571428571,17,0.272837045,383,481,7/8/2020,6/22/2020,80.76,10.55
517,6/5/2020,5,239,18,50,80,0.625,17,0.171887339,414,481,7/8/2020,6/22/2020,80.76,10.55
517,6/5/2020,3,330,22,50,70,0.714285714,17,0.2400966,447,481,7/8/2020,6/22/2020,80.76,10.55
517,6/5/2020,3,277,12,30,50,0.6,17,0.509295818,387,481,7/8/2020,6/22/2020,80.76,10.55
517,6/5/2020,4,253,18,50,60,0.833333333,17,0.229183118,428,481,7/8/2020,6/22/2020,80.76,10.55
517,6/5/2020,2,269,22,50,70,0.714285714,17,0.2400966,355,481,7/8/2020,6/22/2020,80.76,10.55
517,6/5/2020,2,298,12,50,60,0.833333333,17,0.152788745,353,481,7/8/2020,6/22/2020,80.76,10.55
517,6/5/2020,1,243,11,40,52,0.769230769,17,0.252505439,378,481,7/8/2020,6/22/2020,80.76,10.55
517,6/5/2020,4,242,10,50,48,1.041666667,17,0.159154943,311,481,7/8/2020,6/22/2020,80.76,10.55
517,6/5/2020,3,183,11,48,60,0.8,17,0.151970866,330,481,7/8/2020,6/22/2020,80.76,10.55
517,6/5/2020,5,178,6,34,40,0.85,17,0.247819116,294,481,7/8/2020,6/22/2020,80.76,10.55
517,6/5/2020,2,173,5,20,30,0.666666667,17,0.795774715,289,481,7/8/2020,6/22/2020,80.76,10.55
517,6/5/2020,3,191,7,28,42,0.666666667,17,0.406007508,269,481,7/8/2020,6/22/2020,80.76,10.55
517,6/5/2020,4,137,9,40,50,0.8,17,0.214859173,290,481,7/8/2020,6/22/2020,80.76,10.55
517,6/5/2020,4,211,8,34,42,0.80952381,17,0.31469094,261,481,7/8/2020,6/22/2020,80.76,10.55
510,6/3/2020,1,600,110,110,130,0.846153846,19,0.133556596,774,1132,7/8/2020,6/22/2020,82.47,13.76
510,6/3/2020,1,569,147,135,133,1.015037594,19,0.11582426,743,1132,7/8/2020,6/22/2020,82.47,13.76
510,6/3/2020,5,619,81,110,125,0.88,19,0.102280069,798,1132,7/8/2020,6/22/2020,82.47,13.76
510,6/3/2020,3,615,159,130,128,1.015625,19,0.140378898,770,1132,7/8/2020,6/22/2020,82.47,13.76
510,6/3/2020,3,640,148,125,145,0.862068966,19,0.124759913,726,1132,7/8/2020,6/22/2020,82.47,13.76
510,6/3/2020,2,600,154,120,140,0.857142857,19,0.145892031,700,1132,7/8/2020,6/22/2020,82.47,13.76
510,6/3/2020,3,481,36,60,72,0.833333333,19,0.265258238,654,1132,7/8/2020,6/22/2020,82.47,13.76
510,6/3/2020,4,508,150,120,130,0.923076923,19,0.153033599,639,1132,7/8/2020,6/22/2020,82.47,13.76
510,6/3/2020,3,468,124,110,145,0.75862069,19,0.134980083,638,1132,7/8/2020,6/22/2020,82.47,13.76
510,6/3/2020,2,447,28,60,100,0.6,19,0.148544614,626,1132,7/8/2020,6/22/2020,82.47,13.76
510,6/3/2020,5,321,44,82,75,1.093333333,19,0.166634563,547,1132,7/8/2020,6/22/2020,82.47,13.76
510,6/3/2020,1,380,52,90,78,1.153846154,19,0.157190067,597,1132,7/8/2020,6/22/2020,82.47,13.76
510,6/3/2020,2,325,24,60,65,0.923076923,19,0.195883007,573,1132,7/8/2020,6/22/2020,82.47,13.76
510,6/3/2020,1,307,21,50,50,1,19,0.320856365,586,1132,7/8/2020,6/22/2020,82.47,13.76
510,6/3/2020,1,467,72,93,84,1.107142857,19,0.189273011,540,1132,7/8/2020,6/22/2020,82.47,13.76
510,6/3/2020,3,373,26,60,55,1.090909091,19,0.250789607,506,1132,7/8/2020,6/22/2020,82.47,13.76
510,6/3/2020,4,415,52,80,76,1.052631579,19,0.204179039,481,1132,7/8/2020,6/22/2020,82.47,13.76
510,6/3/2020,1,485,37,63,68,0.926470588,19,0.261826192,521,1132,7/8/2020,6/22/2020,82.47,13.76
510,6/3/2020,5,272,16,48,56,0.857142857,19,0.236837713,531,1132,7/8/2020,6/22/2020,82.47,13.76
510,6/3/2020,5,386,20,55,59,0.93220339,19,0.214019814,452,1132,7/8/2020,6/22/2020,82.47,13.76
510,6/3/2020,4,367,38,70,72,0.972222222,19,0.205710471,388,1132,7/8/2020,6/22/2020,82.47,13.76
510,6/3/2020,2,425,31,60,70,0.857142857,19,0.234943011,421,1132,7/8/2020,6/22/2020,82.47,13.76
510,6/3/2020,4,355,33,70,65,1.076923077,19,0.197881813,412,1132,7/8/2020,6/22/2020,82.47,13.76
510,6/3/2020,5,276,31,70,70,1,19,0.172611192,423,1132,7/8/2020,6/22/2020,82.47,13.76
510,6/3/2020,4,317,17,52,60,0.866666667,19,0.20012086,413,1132,7/8/2020,6/22/2020,82.47,13.76
521,6/6/2020,1,499,77,95,96,0.989583333,16,0.169735881,641,704,7/8/2020,6/22/2020,84.4,9.7
521,6/6/2020,3,452,60,90,85,1.058823529,16,0.166436542,645,704,7/8/2020,6/22/2020,84.4,9.7
521,6/6/2020,3,603,112,110,89,1.235955056,16,0.198629625,672,704,7/8/2020,6/22/2020,84.4,9.7
521,6/6/2020,3,580,101,105,90,1.166666667,16,0.19440241,686,704,7/8/2020,6/22/2020,84.4,9.7
521,6/6/2020,2,529,118,115,113,1.017699115,16,0.15080275,627,704,7/8/2020,6/22/2020,84.4,9.7
521,6/6/2020,1,355,61,95,80,1.1875,16,0.161359305,604,704,7/8/2020,6/22/2020,84.4,9.7
521,6/6/2020,3,528,88,105,115,0.913043478,16,0.132558509,585,704,7/8/2020,6/22/2020,84.4,9.7
521,6/6/2020,5,576,97,110,96,1.145833333,16,0.159483776,587,704,7/8/2020,6/22/2020,84.4,9.7
521,6/6/2020,3,473,72,90,100,0.9,16,0.169765273,610,704,7/8/2020,6/22/2020,84.4,9.7
521,6/6/2020,5,574,60,90,88,1.022727273,16,0.160762569,571,704,7/8/2020,6/22/2020,84.4,9.7
521,6/6/2020,1,403,64,100,84,1.19047619,16,0.145513091,462,704,7/8/2020,6/22/2020,84.4,9.7
521,6/6/2020,5,356,60,80,74,1.081081081,16,0.241958528,447,704,7/8/2020,6/22/2020,84.4,9.7
521,6/6/2020,4,379,51,89,89,1,16,0.138166111,474,704,7/8/2020,6/22/2020,84.4,9.7
521,6/6/2020,3,404,64,90,88,1.022727273,16,0.171480073,451,704,7/8/2020,6/22/2020,84.4,9.7
521,6/6/2020,1,444,60,88,109,0.80733945,16,0.135756548,486,704,7/8/2020,6/22/2020,84.4,9.7
521,6/6/2020,2,432,46,70,98,0.714285714,16,0.182951955,415,704,7/8/2020,6/22/2020,84.4,9.7
521,6/6/2020,4,491,85,100,102,0.980392157,16,0.159154943,405,704,7/8/2020,6/22/2020,84.4,9.7
521,6/6/2020,1,425,27,70,80,0.875,16,0.131546433,406,704,7/8/2020,6/22/2020,84.4,9.7
521,6/6/2020,5,427,50,84,80,1.05,16,0.169169795,395,704,7/8/2020,6/22/2020,84.4,9.7
521,6/6/2020,5,420,41,75,83,0.903614458,16,0.167719908,381,704,7/8/2020,6/22/2020,84.4,9.7
521,6/6/2020,5,216,8,40,55,0.727272727,16,0.173623574,289,704,7/8/2020,6/22/2020,84.4,9.7
521,6/6/2020,3,182,15,52,50,1.04,16,0.211892676,292,704,7/8/2020,6/22/2020,84.4,9.7
521,6/6/2020,3,308,10,40,50,0.8,16,0.238732415,259,704,7/8/2020,6/22/2020,84.4,9.7
521,6/6/2020,2,297,12,40,50,0.8,16,0.286478898,295,704,7/8/2020,6/22/2020,84.4,9.7
521,6/6/2020,3,367,27,60,73,0.821917808,16,0.196218423,276,704,7/8/2020,6/22/2020,84.4,9.7
514,6/5/2020,2,559,48,75,88,0.852272727,17,0.185198479,648,6,7/9/2020,6/22/2020,80.76,10.55
514,6/5/2020,5,512,81,90,106,0.849056604,17,0.180175407,623,6,7/9/2020,6/22/2020,80.76,10.55
514,6/5/2020,1,507,31,70,80,0.875,17,0.151034793,628,6,7/9/2020,6/22/2020,80.76,10.55
514,6/5/2020,2,530,67,82,82,1,17,0.232078347,631,6,7/9/2020,6/22/2020,80.76,10.55
514,6/5/2020,3,550,40,78,72,1.083333333,17,0.174397264,606,6,7/9/2020,6/22/2020,80.76,10.55
514,6/5/2020,4,506,137,118,132,0.893939394,17,0.142358695,536,6,7/9/2020,6/22/2020,80.76,10.55
514,6/5/2020,1,490,89,98,115,0.852173913,17,0.153900983,582,6,7/9/2020,6/22/2020,80.76,10.55
514,6/5/2020,5,478,69,92,100,0.92,17,0.155695053,544,6,7/9/2020,6/22/2020,80.76,10.55
514,6/5/2020,4,490,79,100,109,0.917431193,17,0.138420996,566,6,7/9/2020,6/22/2020,80.76,10.55
514,6/5/2020,4,529,62,90,84,1.071428571,17,0.17403186,529,6,7/9/2020,6/22/2020,80.76,10.55
514,6/5/2020,5,422,28,52,88,0.590909091,17,0.224734656,505,6,7/9/2020,6/22/2020,80.76,10.55
514,6/5/2020,4,522,39,80,105,0.761904762,17,0.11084005,480,6,7/9/2020,6/22/2020,80.76,10.55
514,6/5/2020,5,449,188,110,122,0.901639344,17,0.243228256,518,6,7/9/2020,6/22/2020,80.76,10.55
514,6/5/2020,1,405,59,86,90,0.955555556,17,0.169283246,447,6,7/9/2020,6/22/2020,80.76,10.55
514,6/5/2020,3,409,71,90,100,0.9,17,0.167407422,460,6,7/9/2020,6/22/2020,80.76,10.55
514,6/5/2020,1,546,76,96,112,0.857142857,17,0.140622392,431,6,7/9/2020,6/22/2020,80.76,10.55
514,6/5/2020,3,486,66,90,130,0.692307692,17,0.119706282,384,6,7/9/2020,6/22/2020,80.76,10.55
514,6/5/2020,5,385,42,79,101,0.782178218,17,0.127255075,380,6,7/9/2020,6/22/2020,80.76,10.55
514,6/5/2020,5,383,182,95,112,0.848214286,17,0.343880486,369,6,7/9/2020,6/22/2020,80.76,10.55
514,6/5/2020,4,456,43,75,84,0.892857143,17,0.173807303,424,6,7/9/2020,6/22/2020,80.76,10.55
514,6/5/2020,3,347,20,55,99,0.555555556,17,0.127547162,341,6,7/9/2020,6/22/2020,80.76,10.55
514,6/5/2020,5,377,31,70,103,0.67961165,17,0.117308577,301,6,7/9/2020,6/22/2020,80.76,10.55
514,6/5/2020,1,419,47,90,110,0.818181818,17,0.100744543,326,6,7/9/2020,6/22/2020,80.76,10.55
514,6/5/2020,2,436,39,70,122,0.573770492,17,0.124597714,334,6,7/9/2020,6/22/2020,80.76,10.55
514,6/5/2020,5,433,56,74,16,4.625,17,1.220691675,350,6,7/9/2020,6/22/2020,80.76,10.55
510,6/3/2020,3,910,463,160,157,1.01910828,19,0.220010167,753,1132,7/15/2020,6/22/2020,82.47,13.76
510,6/3/2020,5,1000,366,165,170,0.970588235,19,0.151030845,782,1132,7/15/2020,6/22/2020,82.47,13.76
510,6/3/2020,4,1004,515,170,175,0.971428571,19,0.194479001,805,1132,7/15/2020,6/22/2020,82.47,13.76
510,6/3/2020,5,913,306,150,135,1.111111111,19,0.192400642,734,1132,7/15/2020,6/22/2020,82.47,13.76
510,6/3/2020,2,1061,428,160,150,1.066666667,19,0.212869736,810,1132,7/15/2020,6/22/2020,82.47,13.76
510,6/3/2020,3,707,454,135,178,0.758426966,19,0.267281987,636,1132,7/15/2020,6/22/2020,82.47,13.76
510,6/3/2020,3,908,481,150,135,1.111111111,19,0.302433689,695,1132,7/15/2020,6/22/2020,82.47,13.76
510,6/3/2020,5,916,419,160,140,1.142857143,19,0.223278754,627,1132,7/15/2020,6/22/2020,82.47,13.76
510,6/3/2020,1,943,395,165,155,1.064516129,19,0.178771748,674,1132,7/15/2020,6/22/2020,82.47,13.76
510,6/3/2020,4,962,340,150,152,0.986842105,19,0.189869055,705,1132,7/15/2020,6/22/2020,82.47,13.76
510,6/3/2020,5,816,235,150,130,1.153846154,19,0.153441689,556,1132,7/15/2020,6/22/2020,82.47,13.76
510,6/3/2020,2,1011,315,140,155,0.903225806,19,0.198026888,552,1132,7/15/2020,6/22/2020,82.47,13.76
510,6/3/2020,1,877,263,140,140,1,19,0.183051385,621,1132,7/15/2020,6/22/2020,82.47,13.76
510,6/3/2020,1,655,230,135,150,0.9,19,0.16068318,585,1132,7/15/2020,6/22/2020,82.47,13.76
510,6/3/2020,4,859,229,150,132,1.136363636,19,0.147258513,620,1132,7/15/2020,6/22/2020,82.47,13.76
510,6/3/2020,1,441,79,110,130,0.846153846,19,0.095917919,532,1132,7/15/2020,6/22/2020,82.47,13.76
510,6/3/2020,1,761,256,155,145,1.068965517,19,0.140349201,470,1132,7/15/2020,6/22/2020,82.47,13.76
510,6/3/2020,2,624,153,125,130,0.961538462,19,0.14385648,499,1132,7/15/2020,6/22/2020,82.47,13.76
510,6/3/2020,3,675,210,125,120,1.041666667,19,0.213904244,496,1132,7/15/2020,6/22/2020,82.47,13.76
510,6/3/2020,1,825,260,145,130,1.115384615,19,0.181675084,520,1132,7/15/2020,6/22/2020,82.47,13.76
510,6/3/2020,1,590,237,140,130,1.076923077,19,0.1776439,390,1132,7/15/2020,6/22/2020,82.47,13.76
510,6/3/2020,1,691,195,120,150,0.8,19,0.172417855,424,1132,7/15/2020,6/22/2020,82.47,13.76
510,6/3/2020,3,699,182,125,125,1,19,0.177968331,394,1132,7/15/2020,6/22/2020,82.47,13.76
510,6/3/2020,1,579,183,135,130,1.038461538,19,0.147516832,331,1132,7/15/2020,6/22/2020,82.47,13.76
510,6/3/2020,1,581,180,130,140,0.928571429,19,0.145297835,372,1132,7/15/2020,6/22/2020,82.47,13.76
511,6/4/2020,4,801,258,150,155,0.967741935,18,0.141288517,690,1496,7/15/2020,6/22/2020,84.33,11.2
511,6/4/2020,2,968,340,148,140,1.057142857,18,0.211752637,700,1496,7/15/2020,6/22/2020,84.33,11.2
511,6/4/2020,1,818,296,150,155,0.967741935,18,0.162098454,647,1496,7/15/2020,6/22/2020,84.33,11.2
511,6/4/2020,2,384,255,130,150,0.866666667,18,0.192116026,692,1496,7/15/2020,6/22/2020,84.33,11.2
511,6/4/2020,3,944,301,160,132,1.212121212,18,0.170119453,649,1496,7/15/2020,6/22/2020,84.33,11.2
511,6/4/2020,1,903,295,145,145,1,18,0.184807413,629,1496,7/15/2020,6/22/2020,84.33,11.2
511,6/4/2020,3,275,339,150,135,1.111111111,18,0.213149731,607,1496,7/15/2020,6/22/2020,84.33,11.2
511,6/4/2020,5,813,289,145,130,1.115384615,18,0.201938843,559,1496,7/15/2020,6/22/2020,84.33,11.2
511,6/4/2020,1,925,350,150,152,0.986842105,18,0.195453439,628,1496,7/15/2020,6/22/2020,84.33,11.2
511,6/4/2020,1,478,307,158,140,1.128571429,18,0.167763525,631,1496,7/15/2020,6/22/2020,84.33,11.2
511,6/4/2020,2,713,271,138,130,1.061538462,18,0.209059132,502,1496,7/15/2020,6/22/2020,84.33,11.2
511,6/4/2020,1,768,220,142,127,1.118110236,18,0.164075467,494,1496,7/15/2020,6/22/2020,84.33,11.2
511,6/4/2020,4,896,283,132,135,0.977777778,18,0.229776803,501,1496,7/15/2020,6/22/2020,84.33,11.2
511,6/4/2020,1,692,262,140,135,1.037037037,18,0.189109275,555,1496,7/15/2020,6/22/2020,84.33,11.2
511,6/4/2020,5,796,355,143,113,1.265486726,18,0.293412906,546,1496,7/15/2020,6/22/2020,84.33,11.2
511,6/4/2020,2,891,325,140,150,0.933333333,18,0.211123904,456,1496,7/15/2020,6/22/2020,84.33,11.2
511,6/4/2020,3,810,319,158,158,1,18,0.154461696,387,1496,7/15/2020,6/22/2020,84.33,11.2
511,6/4/2020,3,787,184,135,135,1,18,0.142829493,387,1496,7/15/2020,6/22/2020,84.33,11.2
511,6/4/2020,4,771,212,135,130,1.038461538,18,0.170893817,425,1496,7/15/2020,6/22/2020,84.33,11.2
511,6/4/2020,2,194,231,128,120,1.066666667,18,0.224394482,420,1496,7/15/2020,6/22/2020,84.33,11.2
511,6/4/2020,5,672,231,120,125,0.96,18,0.245098612,356,1496,7/15/2020,6/22/2020,84.33,11.2
511,6/4/2020,5,528,44,72,95,0.757894737,18,0.170633955,263,1496,7/15/2020,6/22/2020,84.33,11.2
511,6/4/2020,5,812,236,130,122,1.06557377,18,0.2186084,373,1496,7/15/2020,6/22/2020,84.33,11.2
511,6/4/2020,4,211,20,40,92,0.434782609,18,0.259491755,214,1496,7/15/2020,6/22/2020,84.33,11.2
511,6/4/2020,1,269,13,40,65,0.615384615,18,0.238732415,227,1496,7/15/2020,6/22/2020,84.33,11.2
517,6/5/2020,4,655,258,125,120,1.041666667,17,0.262796642,529,1496,7/15/2020,6/22/2020,80.76,10.55
517,6/5/2020,5,782,227,135,128,1.0546875,17,0.185844507,537,450,7/15/2020,6/22/2020,80.76,10.55
517,6/5/2020,4,668,194,125,122,1.024590164,17,0.194367322,524,450,7/15/2020,6/22/2020,80.76,10.55
517,6/5/2020,3,572,139,120,110,1.090909091,17,0.167594978,556,450,7/15/2020,6/22/2020,80.76,10.55
517,6/5/2020,5,574,157,110,105,1.047619048,17,0.236007802,538,450,7/15/2020,6/22/2020,80.76,10.55
517,6/5/2020,5,406,93,110,105,1.047619048,17,0.1398008,476,450,7/15/2020,6/22/2020,80.76,10.55
517,6/5/2020,1,515,175,140,110,1.272727273,17,0.155021048,464,450,7/15/2020,6/22/2020,80.76,10.55
517,6/5/2020,2,750,204,130,123,1.056910569,17,0.187430269,507,450,7/15/2020,6/22/2020,80.76,10.55
517,6/5/2020,1,651,168,128,114,1.122807018,17,0.171785249,452,450,7/15/2020,6/22/2020,80.76,10.55
517,6/5/2020,2,594,209,140,125,1.12,17,0.162922693,469,450,7/15/2020,6/22/2020,80.76,10.55
517,6/5/2020,2,493,129,135,145,0.931034483,17,0.093229971,443,450,7/15/2020,6/22/2020,80.76,10.55
517,6/5/2020,5,501,114,110,110,1,17,0.163579235,403,450,7/15/2020,6/22/2020,80.76,10.55
517,6/5/2020,1,567,106,130,125,1.04,17,0.095831994,392,450,7/15/2020,6/22/2020,80.76,10.55
517,6/5/2020,4,588,98,125,108,1.157407407,17,0.110913311,420,450,7/15/2020,6/22/2020,80.76,10.55
517,6/5/2020,4,543,99,110,115,0.956521739,17,0.135879319,383,450,7/15/2020,6/22/2020,80.76,10.55
517,6/5/2020,2,614,152,120,120,1,17,0.167996884,374,450,7/15/2020,6/22/2020,80.76,10.55
517,6/5/2020,4,492,110,115,110,1.045454545,17,0.144412803,328,450,7/15/2020,6/22/2020,80.76,10.55
517,6/5/2020,5,556,123,118,100,1.18,17,0.168710641,332,450,7/15/2020,6/22/2020,80.76,10.55
517,6/5/2020,3,434,65,88,120,0.733333333,17,0.133588214,300,450,7/15/2020,6/22/2020,80.76,10.55
517,6/5/2020,5,480,184,120,110,1.090909091,17,0.221852345,347,450,7/15/2020,6/22/2020,80.76,10.55
517,6/5/2020,1,551,91,110,110,1,17,0.130576407,280,450,7/15/2020,6/22/2020,80.76,10.55
517,6/5/2020,2,495,25,55,88,0.625,17,0.179363197,256,450,7/15/2020,6/22/2020,80.76,10.55
517,6/5/2020,5,354,41,75,100,0.75,17,0.139207524,244,450,7/15/2020,6/22/2020,80.76,10.55
517,6/5/2020,3,367,32,65,119,0.546218487,17,0.121556359,282,450,7/15/2020,6/22/2020,80.76,10.55
517,6/5/2020,4,452,71,100,105,0.952380952,17,0.129142868,292,450,7/15/2020,6/22/2020,80.76,10.55
521,6/6/2020,1,1108,459,165,145,1.137931034,16,0.222064007,637,704,7/16/2020,6/22/2020,84.4,9.7
521,6/6/2020,1,1069,474,172,150,1.146666667,16,0.204000657,670,704,7/16/2020,6/22/2020,84.4,9.7
521,6/6/2020,5,1114,445,170,150,1.133333333,16,0.196052456,649,704,7/16/2020,6/22/2020,84.4,9.7
521,6/6/2020,1,1146,588,185,159,1.163522013,16,0.206365989,646,704,7/16/2020,6/22/2020,84.4,9.7
521,6/6/2020,1,1148,492,152,132,1.151515152,16,0.308109702,635,704,7/16/2020,6/22/2020,84.4,9.7
521,6/6/2020,1,998,481,160,148,1.081081081,16,0.242462609,597,704,7/16/2020,6/22/2020,84.4,9.7
521,6/6/2020,2,969,449,178,144,1.236111111,16,0.187951252,583,704,7/16/2020,6/22/2020,84.4,9.7
521,6/6/2020,4,1095,475,165,146,1.130136986,16,0.228230795,533,704,7/16/2020,6/22/2020,84.4,9.7
521,6/6/2020,3,957,495,160,160,1,16,0.230805752,574,704,7/16/2020,6/22/2020,84.4,9.7
521,6/6/2020,5,795,278,158,160,0.9875,16,0.132926637,522,704,7/16/2020,6/22/2020,84.4,9.7
521,6/6/2020,1,763,240,140,132,1.060606061,16,0.177166913,501,704,7/16/2020,6/22/2020,84.4,9.7
521,6/6/2020,5,885,330,158,138,1.144927536,16,0.182945637,450,704,7/16/2020,6/22/2020,84.4,9.7
521,6/6/2020,1,846,273,160,145,1.103448276,16,0.140461097,487,704,7/16/2020,6/22/2020,84.4,9.7
521,6/6/2020,3,842,332,150,140,1.071428571,16,0.201293109,449,704,7/16/2020,6/22/2020,84.4,9.7
521,6/6/2020,4,814,398,165,152,1.085526316,16,0.183684696,487,704,7/16/2020,6/22/2020,84.4,9.7
521,6/6/2020,4,466,388,155,140,1.107142857,16,0.220313785,404,704,7/16/2020,6/22/2020,84.4,9.7
521,6/6/2020,1,697,308,145,138,1.050724638,16,0.202738861,340,704,7/16/2020,6/22/2020,84.4,9.7
521,6/6/2020,4,797,327,152,12,12.66666667,16,2.252582513,383,704,7/16/2020,6/22/2020,84.4,9.7
521,6/6/2020,5,707,211,150,140,1.071428571,16,0.127930259,404,704,7/16/2020,6/22/2020,84.4,9.7
521,6/6/2020,1,633,476,125,132,0.946969697,16,0.440772381,383,704,7/16/2020,6/22/2020,84.4,9.7
514,6/5/2020,1,955,360,145,142,1.021126761,17,0.23029236,610,6,7/16/2020,6/22/2020,80.76,10.55
514,6/5/2020,5,1065,377,160,145,1.103448276,17,0.193970087,763,6,7/16/2020,6/22/2020,80.76,10.55
514,6/5/2020,2,833,326,145,142,1.021126761,17,0.208542526,691,6,7/16/2020,6/22/2020,80.76,10.55
514,6/5/2020,5,1086,374,140,130,1.076923077,17,0.280332569,733,6,7/16/2020,6/22/2020,80.76,10.55
514,6/5/2020,4,903,347,150,146,1.02739726,17,0.201741608,642,6,7/16/2020,6/22/2020,80.76,10.55
514,6/5/2020,5,923,360,160,155,1.032258065,17,0.173273527,600,6,7/16/2020,6/22/2020,80.76,10.55
514,6/5/2020,3,851,356,150,145,1.034482759,17,0.208401507,535,6,7/16/2020,6/22/2020,80.76,10.55
514,6/5/2020,5,617,214,128,120,1.066666667,17,0.207880602,532,6,7/16/2020,6/22/2020,80.76,10.55
514,6/5/2020,3,962,362,150,150,1,17,0.204850096,573,6,7/16/2020,6/22/2020,80.76,10.55
514,6/5/2020,3,1142,504,169,160,1.05625,17,0.210638873,601,6,7/16/2020,6/22/2020,80.76,10.55
514,6/5/2020,2,899,336,155,142,1.091549296,17,0.188100051,508,6,7/16/2020,6/22/2020,80.76,10.55
514,6/5/2020,3,850,331,153,135,1.133333333,17,0.200038109,507,6,7/16/2020,6/22/2020,80.76,10.55
514,6/5/2020,3,859,268,140,133,1.052631579,17,0.196348894,476,6,7/16/2020,6/22/2020,80.76,10.55
514,6/5/2020,5,800,357,145,145,1,17,0.223648293,450,6,7/16/2020,6/22/2020,80.76,10.55
514,6/5/2020,3,1075,306,150,148,1.013513514,17,0.175500586,485,6,7/16/2020,6/22/2020,80.76,10.55
514,6/5/2020,1,618,232,129,135,0.955555556,17,0.197231453,397,6,7/16/2020,6/22/2020,80.76,10.55
514,6/5/2020,5,772,167,129,134,0.962686567,17,0.143032138,438,6,7/16/2020,6/22/2020,80.76,10.55
514,6/5/2020,1,564,180,125,123,1.016260163,17,0.178874629,369,6,7/16/2020,6/22/2020,80.76,10.55
514,6/5/2020,2,824,268,140,123,1.138211382,17,0.212312219,422,6,7/16/2020,6/22/2020,80.76,10.55
514,6/5/2020,1,833,305,135,138,0.97826087,17,0.231608553,438,6,7/16/2020,6/22/2020,80.76,10.55
514,6/5/2020,3,378,51,80,150,0.533333333,17,0.101461276,184,6,7/16/2020,6/22/2020,80.76,10.55
514,6/5/2020,1,319,76,100,105,0.952380952,17,0.138237436,318,6,7/16/2020,6/22/2020,80.76,10.55
514,6/5/2020,2,655,233,130,130,1,17,0.202547665,335,6,7/16/2020,6/22/2020,80.76,10.55
514,6/5/2020,5,606,149,120,122,0.983606557,17,0.161981465,337,6,7/16/2020,6/22/2020,80.76,10.55
514,6/5/2020,2,308,12,50,110,0.454545455,17,0.083339316,133,6,7/16/2020,6/22/2020,80.76,10.55
521,6/6/2020,1,1108,459,165,145,1.137931034,16,0.222064007,637,704,7/16/2020,6/22/2020,84.4,9.7
521,6/6/2020,5,1069,474,172,150,1.146666667,16,0.204000657,670,704,7/16/2020,6/22/2020,84.4,9.7
521,6/6/2020,1,1114,445,170,150,1.133333333,16,0.196052456,649,704,7/16/2020,6/22/2020,84.4,9.7
521,6/6/2020,3,1146,588,185,159,1.163522013,16,0.206365989,646,704,7/16/2020,6/22/2020,84.4,9.7
521,6/6/2020,4,1148,492,152,132,1.151515152,16,0.308109702,635,704,7/16/2020,6/22/2020,84.4,9.7
521,6/6/2020,3,998,481,160,148,1.081081081,16,0.242462609,597,704,7/16/2020,6/22/2020,84.4,9.7
521,6/6/2020,4,969,449,178,144,1.236111111,16,0.187951252,583,704,7/16/2020,6/22/2020,84.4,9.7
521,6/6/2020,3,1095,475,165,146,1.130136986,16,0.228230795,533,704,7/16/2020,6/22/2020,84.4,9.7
521,6/6/2020,4,957,495,160,160,1,16,0.230805752,574,704,7/16/2020,6/22/2020,84.4,9.7
521,6/6/2020,1,795,278,158,160,0.9875,16,0.132926637,522,704,7/16/2020,6/22/2020,84.4,9.7
521,6/6/2020,4,763,240,140,132,1.060606061,16,0.177166913,501,704,7/16/2020,6/22/2020,84.4,9.7
521,6/6/2020,3,885,330,158,138,1.144927536,16,0.182945637,450,704,7/16/2020,6/22/2020,84.4,9.7
521,6/6/2020,5,846,273,160,145,1.103448276,16,0.140461097,487,704,7/16/2020,6/22/2020,84.4,9.7
521,6/6/2020,1,842,332,150,140,1.071428571,16,0.201293109,449,704,7/16/2020,6/22/2020,84.4,9.7
521,6/6/2020,4,814,398,165,152,1.085526316,16,0.183684696,487,704,7/16/2020,6/22/2020,84.4,9.7
521,6/6/2020,5,466,388,155,140,1.107142857,16,0.220313785,404,704,7/16/2020,6/22/2020,84.4,9.7
521,6/6/2020,1,697,308,145,138,1.050724638,16,0.202738861,340,704,7/16/2020,6/22/2020,84.4,9.7
521,6/6/2020,1,797,327,152,12,12.66666667,16,2.252582513,383,704,7/16/2020,6/22/2020,84.4,9.7
521,6/6/2020,5,707,211,150,140,1.071428571,16,0.127930259,404,704,7/16/2020,6/22/2020,84.4,9.7
521,6/6/2020,4,633,476,125,132,0.946969697,16,0.440772381,383,704,7/16/2020,6/22/2020,84.4,9.7
514,6/5/2020,2,955,360,145,142,1.021126761,17,0.23029236,610,6,7/16/2020,6/22/2020,80.76,10.55
514,6/5/2020,4,1065,377,160,145,1.103448276,17,0.193970087,763,6,7/16/2020,6/22/2020,80.76,10.55
514,6/5/2020,2,833,326,145,142,1.021126761,17,0.208542526,691,6,7/16/2020,6/22/2020,80.76,10.55
514,6/5/2020,1,1086,374,140,130,1.076923077,17,0.280332569,733,6,7/16/2020,6/22/2020,80.76,10.55
514,6/5/2020,4,903,347,150,146,1.02739726,17,0.201741608,642,6,7/16/2020,6/22/2020,80.76,10.55
514,6/5/2020,1,923,360,160,155,1.032258065,17,0.173273527,600,6,7/16/2020,6/22/2020,80.76,10.55
514,6/5/2020,2,851,356,150,145,1.034482759,17,0.208401507,535,6,7/16/2020,6/22/2020,80.76,10.55
514,6/5/2020,4,617,214,128,120,1.066666667,17,0.207880602,532,6,7/16/2020,6/22/2020,80.76,10.55
514,6/5/2020,4,962,362,150,150,1,17,0.204850096,573,6,7/16/2020,6/22/2020,80.76,10.55
514,6/5/2020,3,1142,504,169,160,1.05625,17,0.210638873,601,6,7/16/2020,6/22/2020,80.76,10.55
514,6/5/2020,1,899,336,155,142,1.091549296,17,0.188100051,508,6,7/16/2020,6/22/2020,80.76,10.55
514,6/5/2020,4,850,331,153,135,1.133333333,17,0.200038109,507,6,7/16/2020,6/22/2020,80.76,10.55
514,6/5/2020,4,859,268,140,133,1.052631579,17,0.196348894,476,6,7/16/2020,6/22/2020,80.76,10.55
514,6/5/2020,2,800,357,145,145,1,17,0.223648293,450,6,7/16/2020,6/22/2020,80.76,10.55
514,6/5/2020,5,1075,306,150,148,1.013513514,17,0.175500586,485,6,7/16/2020,6/22/2020,80.76,10.55
514,6/5/2020,3,618,232,129,135,0.955555556,17,0.197231453,397,6,7/16/2020,6/22/2020,80.76,10.55
514,6/5/2020,3,772,167,129,134,0.962686567,17,0.143032138,438,6,7/16/2020,6/22/2020,80.76,10.55
514,6/5/2020,2,564,180,125,123,1.016260163,17,0.178874629,369,6,7/16/2020,6/22/2020,80.76,10.55
514,6/5/2020,3,824,268,140,123,1.138211382,17,0.212312219,422,6,7/16/2020,6/22/2020,80.76,10.55
514,6/5/2020,3,833,305,135,138,0.97826087,17,0.231608553,438,6,7/16/2020,6/22/2020,80.76,10.55
514,6/5/2020,5,378,51,80,150,0.533333333,17,0.101461276,184,6,7/16/2020,6/22/2020,80.76,10.55
514,6/5/2020,5,319,76,100,105,0.952380952,17,0.138237436,318,6,7/16/2020,6/22/2020,80.76,10.55
596,6/30/2020,5,347,69,85,85,1,9,0.214582199,319,564,7/31/2020,7/7/2020,78.62,16
596,6/30/2020,5,272,39,70,75,0.933333333,9,0.202678948,312,564,7/31/2020,7/7/2020,78.62,16
596,6/30/2020,5,308,31,70,70,1,9,0.172611192,331,564,7/31/2020,7/7/2020,78.62,16
596,6/30/2020,3,344,39,70,80,0.875,9,0.190011514,349,564,7/31/2020,7/7/2020,78.62,16
596,6/30/2020,1,359,52,70,80,0.875,9,0.253348685,309,564,7/31/2020,7/7/2020,78.62,16
596,6/30/2020,5,211,38,75,80,0.9375,9,0.161277009,279,564,7/31/2020,7/7/2020,78.62,16
596,6/30/2020,1,256,31,60,60,1,9,0.27410018,291,564,7/31/2020,7/7/2020,78.62,16
596,6/30/2020,2,338,34,70,80,0.875,9,0.165651063,294,564,7/31/2020,7/7/2020,78.62,16
596,6/30/2020,2,356,27,60,65,0.923076923,9,0.220368383,265,564,7/31/2020,7/7/2020,78.62,16
596,6/30/2020,2,272,40,80,75,1.066666667,9,0.159154943,288,564,7/31/2020,7/7/2020,78.62,16
596,6/30/2020,2,276,11,45,50,0.9,9,0.207490889,262,564,7/31/2020,7/7/2020,78.62,16
596,6/30/2020,2,262,41,65,70,0.928571429,9,0.264764943,253,564,7/31/2020,7/7/2020,78.62,16
596,6/30/2020,5,260,21,60,70,0.857142857,9,0.159154943,248,564,7/31/2020,7/7/2020,78.62,16
596,6/30/2020,3,318,50,70,70,1,9,0.278405148,252,564,7/31/2020,7/7/2020,78.62,16
596,6/30/2020,1,243,14,55,60,0.916666667,9,0.147316972,241,564,7/31/2020,7/7/2020,78.62,16
596,6/30/2020,4,253,11,50,50,1,9,0.16806762,212,564,7/31/2020,7/7/2020,78.62,16
596,6/30/2020,3,321,47,70,80,0.875,9,0.228988234,189,564,7/31/2020,7/7/2020,78.62,16
596,6/30/2020,5,266,33,65,65,1,9,0.229496067,213,564,7/31/2020,7/7/2020,78.62,16
596,6/30/2020,1,243,44,80,80,1,9,0.164128535,201,564,7/31/2020,7/7/2020,78.62,16
596,6/30/2020,1,234,32,70,70,1,9,0.178179295,210,564,7/31/2020,7/7/2020,78.62,16
596,6/30/2020,2,166,20,70,70,1,9,0.111362059,187,564,7/31/2020,7/7/2020,78.62,16
596,6/30/2020,3,278,33,80,80,1,9,0.123096401,177,564,7/31/2020,7/7/2020,78.62,16
596,6/30/2020,1,172,16,60,60,1,9,0.141471061,147,564,7/31/2020,7/7/2020,78.62,16
596,6/30/2020,2,281,22,60,65,0.923076923,9,0.179559423,175,564,7/31/2020,7/7/2020,78.62,16
596,6/30/2020,5,182,7,45,55,0.818181818,9,0.120036051,167,564,7/31/2020,7/7/2020,78.62,16
597,7/1/2020,5,333,111,85,80,1.0625,7,0.366772291,317,2019,7/31/2020,7/7/2020,92.3,16.5
597,7/1/2020,1,315,81,80,80,1,7,0.302145712,305,2019,7/31/2020,7/7/2020,92.3,16.5
597,7/1/2020,5,384,76,80,80,1,7,0.283494742,371,2019,7/31/2020,7/7/2020,92.3,16.5
597,7/1/2020,4,380,115,100,85,1.176470588,7,0.258392731,316,2019,7/31/2020,7/7/2020,92.3,16.5
597,7/1/2020,1,407,94,85,80,1.0625,7,0.310599958,330,2019,7/31/2020,7/7/2020,92.3,16.5
597,7/1/2020,4,362,65,60,75,0.8,7,0.459780947,266,2019,7/31/2020,7/7/2020,92.3,16.5
597,7/1/2020,2,366,90,80,80,1,7,0.335717458,296,2019,7/31/2020,7/7/2020,92.3,16.5
597,7/1/2020,5,333,31,70,70,1,7,0.172611192,272,2019,7/31/2020,7/7/2020,92.3,16.5
597,7/1/2020,5,370,94,100,100,1,7,0.179526776,279,2019,7/31/2020,7/7/2020,92.3,16.5
597,7/1/2020,3,410,146,105,110,0.954545455,7,0.229923282,269,2019,7/31/2020,7/7/2020,92.3,16.5
597,7/1/2020,1,317,80,100,100,1,7,0.152788745,246,2019,7/31/2020,7/7/2020,92.3,16.5
597,7/1/2020,4,304,79,80,80,1,7,0.294685324,228,2019,7/31/2020,7/7/2020,92.3,16.5
597,7/1/2020,2,429,88,80,85,0.941176471,7,0.308947831,236,2019,7/31/2020,7/7/2020,92.3,16.5
597,7/1/2020,2,369,98,100,95,1.052631579,7,0.197017066,231,2019,7/31/2020,7/7/2020,92.3,16.5
597,7/1/2020,4,342,62,80,85,0.941176471,7,0.21766779,242,2019,7/31/2020,7/7/2020,92.3,16.5
597,7/1/2020,5,249,34,65,70,0.928571429,7,0.219561173,153,2019,7/31/2020,7/7/2020,92.3,16.5
597,7/1/2020,4,321,68,80,80,1,7,0.253653191,193,2019,7/31/2020,7/7/2020,92.3,16.5
597,7/1/2020,4,249,56,80,80,1,7,0.208890863,186,2019,7/31/2020,7/7/2020,92.3,16.5
597,7/1/2020,2,320,66,80,80,1,7,0.246192803,209,2019,7/31/2020,7/7/2020,92.3,16.5
597,7/1/2020,4,309,35,60,60,1,7,0.309467945,201,2019,7/31/2020,7/7/2020,92.3,16.5
597,7/1/2020,5,196,7,45,50,0.9,7,0.132039656,159,2019,7/31/2020,7/7/2020,92.3,16.5
597,7/1/2020,1,240,10,50,50,1,7,0.152788745,177,2019,7/31/2020,7/7/2020,92.3,16.5
597,7/1/2020,5,269,13,40,45,0.888888889,7,0.34483571,166,2019,7/31/2020,7/7/2020,92.3,16.5
597,7/1/2020,2,163,12,40,50,0.8,7,0.286478898,131,2019,7/31/2020,7/7/2020,92.3,16.5
597,7/1/2020,2,172,6,35,45,0.777777778,7,0.207875844,120,2019,7/31/2020,7/7/2020,92.3,16.5
598,7/1/2020,2,416,46,80,75,1.066666667,7,0.183028185,286,484,7/31/2020,7/7/2020,92.3,16.5
598,7/1/2020,1,401,57,75,80,0.9375,7,0.241915513,277,484,7/31/2020,7/7/2020,92.3,16.5
598,7/1/2020,4,320,60,85,80,1.0625,7,0.198255292,275,484,7/31/2020,7/7/2020,92.3,16.5
598,7/1/2020,1,440,60,80,80,1,7,0.223811639,353,484,7/31/2020,7/7/2020,92.3,16.5
598,7/1/2020,4,382,63,80,85,0.941176471,7,0.221178561,371,484,7/31/2020,7/7/2020,92.3,16.5
598,7/1/2020,5,422,38,70,70,1,7,0.211587913,253,484,7/31/2020,7/7/2020,92.3,16.5
598,7/1/2020,3,360,36,60,65,0.923076923,7,0.29382451,240,484,7/31/2020,7/7/2020,92.3,16.5
598,7/1/2020,2,382,61,60,70,0.857142857,7,0.462307216,235,484,7/31/2020,7/7/2020,92.3,16.5
598,7/1/2020,2,426,112,110,100,1.1,7,0.176780367,259,484,7/31/2020,7/7/2020,92.3,16.5
598,7/1/2020,1,343,47,80,80,1,7,0.175319117,253,484,7/31/2020,7/7/2020,92.3,16.5
598,7/1/2020,5,393,60,80,80,1,7,0.223811639,214,484,7/31/2020,7/7/2020,92.3,16.5
598,7/1/2020,4,446,28,50,65,0.769230769,7,0.329083452,207,484,7/31/2020,7/7/2020,92.3,16.5
598,7/1/2020,5,394,37,70,80,0.875,7,0.180267334,210,484,7/31/2020,7/7/2020,92.3,16.5
598,7/1/2020,4,330,25,70,70,1,7,0.139202574,233,484,7/31/2020,7/7/2020,92.3,16.5
598,7/1/2020,5,432,64,60,65,0.923076923,7,0.522354685,226,484,7/31/2020,7/7/2020,92.3,16.5
598,7/1/2020,3,318,25,55,60,0.916666667,7,0.263066022,204,484,7/31/2020,7/7/2020,92.3,16.5
598,7/1/2020,2,338,60,80,80,1,7,0.223811639,186,484,7/31/2020,7/7/2020,92.3,16.5
598,7/1/2020,5,266,22,60,60,1,7,0.194522708,194,484,7/31/2020,7/7/2020,92.3,16.5
598,7/1/2020,4,216,28,65,70,0.928571429,7,0.180815083,200,484,7/31/2020,7/7/2020,92.3,16.5
598,7/1/2020,3,250,39,80,80,1,7,0.145477565,188,484,7/31/2020,7/7/2020,92.3,16.5
598,7/1/2020,5,329,40,70,70,1,7,0.222724119,178,484,7/31/2020,7/7/2020,92.3,16.5
598,7/1/2020,5,270,5,35,40,0.875,7,0.194883604,135,484,7/31/2020,7/7/2020,92.3,16.5
598,7/1/2020,1,238,19,50,50,1,7,0.290298616,160,484,7/31/2020,7/7/2020,92.3,16.5
598,7/1/2020,1,200,18,60,60,1,7,0.159154943,131,484,7/31/2020,7/7/2020,92.3,16.5
598,7/1/2020,3,238,14,50,55,0.909090909,7,0.194458403,136,484,7/31/2020,7/7/2020,92.3,16.5
590,6/29/2020,5,579,173,135,80,1.6875,10,0.22661568,526,375,7/31/2020,7/7/2020,70.7,14.85
590,6/29/2020,5,457,111,105,85,1.235294118,10,0.22621783,423,375,7/31/2020,7/7/2020,70.7,14.85
590,6/29/2020,2,495,210,125,90,1.388888889,10,0.285205658,415,375,7/31/2020,7/7/2020,70.7,14.85
590,6/29/2020,4,523,160,105,85,1.235294118,10,0.326079755,447,375,7/31/2020,7/7/2020,70.7,14.85
590,6/29/2020,5,531,152,105,90,1.166666667,10,0.292566003,481,375,7/31/2020,7/7/2020,70.7,14.85
590,6/29/2020,4,556,150,105,80,1.3125,10,0.324806006,396,375,7/31/2020,7/7/2020,70.7,14.85
590,6/29/2020,5,493,75,95,80,1.1875,10,0.198392588,366,375,7/31/2020,7/7/2020,70.7,14.85
590,6/29/2020,4,386,100,80,80,1,10,0.373019398,395,375,7/31/2020,7/7/2020,70.7,14.85
590,6/29/2020,1,532,147,110,85,1.294117647,10,0.272969684,343,375,7/31/2020,7/7/2020,70.7,14.85
590,6/29/2020,3,529,196,125,85,1.470588235,10,0.281850297,396,375,7/31/2020,7/7/2020,70.7,14.85
590,6/29/2020,2,431,108,85,80,1.0625,10,0.356859526,280,375,7/31/2020,7/7/2020,70.7,14.85
590,6/29/2020,4,447,114,80,85,0.941176471,10,0.400227872,272,375,7/31/2020,7/7/2020,70.7,14.85
590,6/29/2020,4,523,157,110,85,1.294117647,10,0.29153905,315,375,7/31/2020,7/7/2020,70.7,14.85
590,6/29/2020,1,416,61,80,85,0.941176471,10,0.214157019,314,375,7/31/2020,7/7/2020,70.7,14.85
590,6/29/2020,3,550,196,115,90,1.277777778,10,0.314498993,298,375,7/31/2020,7/7/2020,70.7,14.85
590,6/29/2020,4,285,70,80,80,1,10,0.261113579,237,375,7/31/2020,7/7/2020,70.7,14.85
590,6/29/2020,3,365,66,90,80,1.125,10,0.194522708,248,375,7/31/2020,7/7/2020,70.7,14.85
590,6/29/2020,3,293,42,70,70,1,10,0.233860325,219,375,7/31/2020,7/7/2020,70.7,14.85
590,6/29/2020,5,300,69,80,80,1,10,0.257383385,224,375,7/31/2020,7/7/2020,70.7,14.85
590,6/29/2020,2,286,55,75,75,1,10,0.248989067,239,375,7/31/2020,7/7/2020,70.7,14.85
590,6/29/2020,4,209,23,50,50,1,10,0.351414114,194,375,7/31/2020,7/7/2020,70.7,14.85
590,6/29/2020,4,244,43,75,80,0.9375,10,0.182497668,183,375,7/31/2020,7/7/2020,70.7,14.85
590,6/29/2020,4,167,4,35,35,1,10,0.178179295,168,375,7/31/2020,7/7/2020,70.7,14.85
590,6/29/2020,2,250,45,75,70,1.071428571,10,0.218269636,171,375,7/31/2020,7/7/2020,70.7,14.85
590,6/29/2020,4,115,7,35,35,1,10,0.311813766,175,375,7/31/2020,7/7/2020,70.7,14.85
589,6/29/2020,4,299,14,55,55,1,10,0.160709424,306,578,7/31/2020,7/7/2020,70.7,14.85
589,6/29/2020,3,289,23,55,55,1,10,0.264022625,326,578,7/31/2020,7/7/2020,70.7,14.85
589,6/29/2020,2,363,82,80,80,1,10,0.305875906,321,578,7/31/2020,7/7/2020,70.7,14.85
589,6/29/2020,2,267,30,65,60,1.083333333,10,0.226018854,327,578,7/31/2020,7/7/2020,70.7,14.85
589,6/29/2020,3,269,25,60,60,1,10,0.221048532,322,578,7/31/2020,7/7/2020,70.7,14.85
589,6/29/2020,4,268,17,50,50,1,10,0.259740867,259,578,7/31/2020,7/7/2020,70.7,14.85
589,6/29/2020,5,254,25,60,65,0.923076923,10,0.204044799,293,578,7/31/2020,7/7/2020,70.7,14.85
589,6/29/2020,2,266,20,50,60,0.833333333,10,0.254647909,296,578,7/31/2020,7/7/2020,70.7,14.85
589,6/29/2020,3,272,13,50,55,0.909090909,10,0.180568517,261,578,7/31/2020,7/7/2020,70.7,14.85
589,6/29/2020,5,254,22,60,60,1,10,0.194522708,274,578,7/31/2020,7/7/2020,70.7,14.85
589,6/29/2020,1,219,19,55,55,1,10,0.218105647,226,578,7/31/2020,7/7/2020,70.7,14.85
589,6/29/2020,4,243,23,55,60,0.916666667,10,0.24202074,219,578,7/31/2020,7/7/2020,70.7,14.85
589,6/29/2020,4,240,12,50,55,0.909090909,10,0.166678631,252,578,7/31/2020,7/7/2020,70.7,14.85
589,6/29/2020,1,255,15,50,55,0.909090909,10,0.208348289,236,578,7/31/2020,7/7/2020,70.7,14.85
589,6/29/2020,4,216,16,40,45,0.888888889,10,0.424413182,233,578,7/31/2020,7/7/2020,70.7,14.85
589,6/29/2020,5,192,6,30,25,1.2,10,0.509295818,177,578,7/31/2020,7/7/2020,70.7,14.85
589,6/29/2020,5,209,7,40,40,1,10,0.208890863,158,578,7/31/2020,7/7/2020,70.7,14.85
589,6/29/2020,3,151,2,20,20,1,10,0.477464829,175,578,7/31/2020,7/7/2020,70.7,14.85
589,6/29/2020,5,195,6,40,40,1,10,0.179049311,189,578,7/31/2020,7/7/2020,70.7,14.85
589,6/29/2020,1,245,20,50,55,0.909090909,10,0.277797719,173,578,7/31/2020,7/7/2020,70.7,14.85
589,6/29/2020,4,169,2,20,25,0.8,10,0.381971863,153,578,7/31/2020,7/7/2020,70.7,14.85
589,6/29/2020,2,40,1,10,10,1,10,1.909859317,107,578,7/31/2020,7/7/2020,70.7,14.85
589,6/29/2020,3,142,2,20,25,0.8,10,0.381971863,161,578,7/31/2020,7/7/2020,70.7,14.85
589,6/29/2020,3,83,1,15,15,1,10,0.565884242,93,578,7/31/2020,7/7/2020,70.7,14.85
589,6/29/2020,1,46,1,10,10,1,10,1.909859317,99,578,7/31/2020,7/7/2020,70.7,14.85
